{
  "smoke": -0.02430254044970359,
  "alco": -0.03681786708418433,
  "active": -0.04610391395846458,
  "bmi": 0.016191290730629776,
  "ap_hi": 0.010150693193842097,
  "ap_lo": 0.0026630960237633006,
  "cholesterol": 0.14612387451860614,
  "gluc": 0.043970698339100556
}